Name,LastDone
[#200336:Eastern dragon (Dragons)],02/15/2026 20:21:19
[#91493:the most difficult maze],02/15/2026 20:22:24
[#220986:Dreams at The House of Luna 10],02/15/2026 20:22:33
[#202316:2014 - Second Prelude],02/15/2026 20:22:37
[#223026:Pokemon Fusion],02/15/2026 20:22:39
[#146970:Madonna],02/15/2026 20:22:41
"[#177819:10, 000 Days - Tool]",02/15/2026 21:08:10
[#58252:Tarot - AEther Realm],02/15/2026 21:09:00
[#137335:Ribbon candy],02/15/2026 21:29:39
[#199982:twinkle twinkle little star],02/15/2026 22:16:10
[#209694:Galaxy jelly],02/15/2026 22:24:35
[#141980:raineoseu],02/15/2026 22:37:54
[#218704:Tattoo 5],02/15/2026 22:38:28
[#230080:Tattoo 7],02/15/2026 22:39:42
[#207912:The Cloaked Lizard],02/15/2026 22:56:36
[#184546:honkai star rail],02/15/2026 22:57:05
[#209648:The Philosophers Gone 9],02/15/2026 23:05:11
[#212913:29.MonsterMedusaQUBELEY(SD GUNDAM)],02/15/2026 23:05:38
[#164096:Christine McVie],02/15/2026 23:06:08
[#208695:2014 - Luz's Transformation],02/15/2026 23:06:41
[#238850:Pokemon Fusion],02/15/2026 23:09:54
[#174264:Homework - Daft Punk],02/15/2026 23:23:43
[#216047:Phoenix],02/16/2026 14:46:06
[#202606:Quilt 54],02/16/2026 14:47:07
[#199765:2005 - The Albino Princess],02/16/2026 14:48:16
[#170354:Teinopalpus imperialis],02/16/2026 14:59:46
[#62684:Lotus flower],02/16/2026 15:32:09
[#141767:House in the village],02/16/2026 16:50:09
[#149395:Flying ship],02/16/2026 20:53:20
[#189769:Pokemon Fusion],02/16/2026 20:54:06
[#226001:puzzle],02/16/2026 20:54:40
[#152359:Turdus pilaris],02/16/2026 23:29:39
[#167881:Woven Together 7],02/16/2026 23:41:57
[#221366:Tattoo 6],02/16/2026 23:42:50
[#237281:complex unclear],02/16/2026 23:43:30
[#149122:Judy Garland],02/16/2026 23:44:04
[#162125:Goalkeeper],02/16/2026 23:44:59
[#214671:Mega-pazle],02/17/2026 00:05:43
[#112509:Black Skull 1.0],02/17/2026 00:06:12
[#184295:Husky],02/17/2026 01:53:06
[#74074:Abstract],02/17/2026 01:53:55
[#212748:Frog souls],02/17/2026 12:10:27
[#187607:Pokemon Fusion],02/17/2026 12:12:57
[#70605:Joker],02/17/2026 15:54:21
[#215380:Butterfly Polyura eudamippus],02/17/2026 15:54:33
[#231886:Sugar Skull],02/17/2026 17:25:11
[#94627:Knights - 5],02/17/2026 17:25:52
[#87091:Girl],02/17/2026 18:54:36
[#99422:Colorful pattern],02/19/2026 00:21:54
[#223472:Latrodectus tredecimguttatus],02/19/2026 19:35:43
[#218144:One Piece Nika],02/19/2026 19:36:11
[#90408:Kili],02/20/2026 01:10:20
[#237941:Darth Vader],02/20/2026 01:26:52
[#223803:Rey Dau (MH Wilds)],02/20/2026 11:37:19
[#39324:Blue Tit],02/20/2026 11:38:17
[#216281:Tattoo 4],02/20/2026 11:39:22
[#43598:Marvin the Martian],02/20/2026 11:44:14
[#147510:Hraesvelgr FFXIV],02/20/2026 14:32:59
[#176601:Butterfly Bhutanitis lidderdalii],02/20/2026 14:34:14
[#227681:Pokemon Fusion],02/20/2026 14:35:04
[#188742:Forest],02/20/2026 18:34:29
[#19690:White Tiger],02/20/2026 18:35:27
[#197436:Hoot hoot],02/20/2026 18:36:22
[#220750:Pokemon Fusion],02/20/2026 18:42:40
[#204732:Summer on the beach],02/21/2026 01:36:48
[#98455:Fang(cut)(Contra:Hard-Corps)],02/21/2026 01:41:10
[#165931:Cherry Blossom],02/21/2026 01:43:02
[#199477:Prohibited Book 1 Cover],02/21/2026 01:43:33
[#192472:Little Girl],02/21/2026 01:44:20
[#187317:57 Shulk (SSBU)],02/21/2026 01:44:58
[#203244:Pokemon Fusion],02/21/2026 01:45:54
[#107208:Zebra (Grayscale)],02/21/2026 02:05:16
[#189015:66E Richter (SSBU)],02/21/2026 02:07:00
[#185633:44 Wolf (SSBU)],02/21/2026 12:47:08
[#72850:Quisqualis Indica],02/21/2026 12:47:56
[#232248:Seokia eximia],02/21/2026 12:48:39
[#215216:circular pattern 2],02/21/2026 12:49:25
"[#229933:""Cupid"" (Cameron)]",02/21/2026 13:05:59
[#196330:A raven on a branch smokes a pipe],02/21/2026 15:42:14
[#213858:Dungeon of Katana],02/21/2026 15:42:48
[#190815:Venom],02/21/2026 15:45:07
[#92766:Giraffes],02/21/2026 15:49:43
[#170467:Saturn],02/21/2026 18:03:57
[#190178:Christmas tree],02/22/2026 13:43:43
[#214870:Different things 80x80],02/22/2026 13:44:31
[#238517:Cat101],02/22/2026 16:49:07
[#217643:pattern14 (Ballz 2)],02/22/2026 16:50:07
[#197967:Cristina Scabbia - Lacuna Coil],02/22/2026 16:50:31
[#86690:Italian street],02/22/2026 17:08:13
[#235400:Radujnaia spiral'],02/22/2026 17:09:06
[#200785:Dream Catcher],02/22/2026 17:10:14
[#214238:Lethal Smog],02/22/2026 17:30:41
[#145167:Stylized griffin],02/22/2026 17:31:55
[#19748:Font],02/22/2026 19:03:08
[#219608:Jin Dahaad (MH Wilds)],02/22/2026 19:05:06
[#198272:Luz (from Malefic Time: Apocalypse)],02/22/2026 21:24:03
[#218251:Rugal-The King of Fighters 2002UM],02/22/2026 21:24:45
[#100652:Long Live the King],02/22/2026 21:40:30
[#229116:Pokemon Fusion],02/22/2026 21:41:04
[#193928:Abchan],02/22/2026 22:10:09
[#207828:gobbler],02/22/2026 22:10:42
[#85835:Bearclaw],02/22/2026 22:18:16
[#185504:Mother of Dragons],02/22/2026 22:18:53
[#174117:Twi'lek Padawan Aria Carena],02/22/2026 22:33:54
[#207350:Pokemon Fusion],02/23/2026 00:39:40
[#179511:Nature],02/23/2026 00:40:21
[#190830:Flowers],02/23/2026 00:40:55
[#50895:Nest],02/23/2026 00:50:14
[#228079:Pokemon Fusion],02/23/2026 00:54:22
[#104534:Flower wreath],02/23/2026 00:55:04
